{
    "model1": {
      "digits_paraphrase": {
        "acc_per_layer": {
          "1": 0.8813333333333333,
          "2": 0.8613333333333333,
          "3": 0.948,
          "4": 0.9326666666666666,
          "5": 0.882,
          "6": 0.746,
          "7": 0.9266666666666666,
          "8": 0.9673333333333334,
          "9": 0.8473333333333334,
          "10": 0.8133333333333334,
          "11": 0.8446666666666667,
          "12": 0.882,
          "13": 0.7673333333333333,
          "14": 0.8013333333333333,
          "15": 0.6113333333333333,
          "16": 0.7946666666666666,
          "17": 0.7566666666666667,
          "18": 0.7306666666666667,
          "19": 0.7466666666666667,
          "20": 0.742,
          "21": 0.774,
          "22": 0.9206666666666666,
          "23": 0.7973333333333333,
          "24": 0.7973333333333333,
          "25": 0.9246666666666666,
          "26": 0.442,
          "27": 0.7826666666666666,
          "28": 0.568,
          "29": 0.886,
          "30": 0.8093333333333333,
          "31": 0.7666666666666667,
          "32": 0.726,
          "33": 0.7586666666666667,
          "34": 0.7606666666666667,
          "35": 0.7033333333333334,
          "36": 0.7153333333333334
        },
        "best_layer": 8,
        "err_by_dist": {
          "0": [
            0.04411764705882353,
            136
          ],
          "1": [
            0.11635220125786164,
            318
          ],
          "2": [
            0.013513513513513514,
            296
          ],
          "3": [
            0.006493506493506494,
            308
          ],
          "4": [
            0.0,
            299
          ],
          "5": [
            0.0,
            143
          ]
        },
        "err_by_dir": {
          "-1": [
            0.03407601572739188,
            763
          ],
          "0": [
            0.04411764705882353,
            136
          ],
          "1": [
            0.028286189683860232,
            601
          ]
        }
      },
      "words": {
        "acc_per_layer": {
          "1": 0.5253333333333333,
          "2": 0.582,
          "3": 0.68,
          "4": 0.39666666666666667,
          "5": 0.5566666666666666,
          "6": 0.4106666666666667,
          "7": 0.5426666666666666,
          "8": 0.45266666666666666,
          "9": 0.6673333333333333,
          "10": 0.4826666666666667,
          "11": 0.6426666666666667,
          "12": 0.566,
          "13": 0.528,
          "14": 0.6253333333333333,
          "15": 0.6453333333333333,
          "16": 0.55,
          "17": 0.592,
          "18": 0.6306666666666667,
          "19": 0.632,
          "20": 0.6386666666666667,
          "21": 0.678,
          "22": 0.6653333333333333,
          "23": 0.626,
          "24": 0.474,
          "25": 0.58,
          "26": 0.614,
          "27": 0.65,
          "28": 0.542,
          "29": 0.6513333333333333,
          "30": 0.5793333333333334,
          "31": 0.492,
          "32": 0.5466666666666666,
          "33": 0.532,
          "34": 0.6226666666666667,
          "35": 0.6506666666666666,
          "36": 0.5173333333333333
        },
        "best_layer": 3,
        "err_by_dist": {
          "0": [
            0.9642857142857143,
            140
          ],
          "1": [
            0.9749216300940439,
            319
          ],
          "2": [
            0.027777777777777776,
            288
          ],
          "3": [
            0.04054054054054054,
            296
          ],
          "4": [
            0.016025641025641024,
            312
          ],
          "5": [
            0.06206896551724138,
            145
          ]
        },
        "err_by_dir": {
          "-1": [
            0.2295302013422819,
            745
          ],
          "0": [
            0.9642857142857143,
            140
          ],
          "1": [
            0.28292682926829266,
            615
          ]
        }
      }
    }
  }