{
    "model1": {
      "digits_paraphrase": {
        "acc_per_layer": {
          "1": 0.928,
          "2": 0.7693333333333333,
          "3": 0.9686666666666667,
          "4": 0.8833333333333333,
          "5": 0.918,
          "6": 0.8126666666666666,
          "7": 0.9866666666666667,
          "8": 0.9773333333333334,
          "9": 0.6626666666666666,
          "10": 0.9326666666666666,
          "11": 0.7466666666666667,
          "12": 0.8433333333333334,
          "13": 0.8406666666666667,
          "14": 0.86,
          "15": 0.7573333333333333,
          "16": 0.8306666666666667,
          "17": 0.7806666666666666,
          "18": 0.7266666666666667,
          "19": 0.698,
          "20": 0.8613333333333333,
          "21": 0.9226666666666666,
          "22": 0.8966666666666666,
          "23": 0.9013333333333333,
          "24": 0.944,
          "25": 0.886,
          "26": 0.5613333333333334,
          "27": 0.8233333333333334,
          "28": 0.7886666666666666,
          "29": 0.884,
          "30": 0.7313333333333333,
          "31": 0.8146666666666667,
          "32": 0.7186666666666667,
          "33": 0.8373333333333334,
          "34": 0.7,
          "35": 0.6986666666666667,
          "36": 0.7226666666666667
        },
        "best_layer": 7,
        "err_by_dist": {
          "0": [
            0.007352941176470588,
            136
          ],
          "1": [
            0.025157232704402517,
            318
          ],
          "2": [
            0.02702702702702703,
            296
          ],
          "3": [
            0.003246753246753247,
            308
          ],
          "4": [
            0.0033444816053511705,
            299
          ],
          "5": [
            0.006993006993006993,
            143
          ]
        },
        "err_by_dir": {
          "-1": [
            0.01703800786369594,
            763
          ],
          "0": [
            0.007352941176470588,
            136
          ],
          "1": [
            0.009983361064891847,
            601
          ]
        }
      },
      "words": {
        "acc_per_layer": {
          "1": 0.4066666666666667,
          "2": 0.6146666666666667,
          "3": 0.6406666666666667,
          "4": 0.44133333333333336,
          "5": 0.4826666666666667,
          "6": 0.48933333333333334,
          "7": 0.37266666666666665,
          "8": 0.36866666666666664,
          "9": 0.476,
          "10": 0.5333333333333333,
          "11": 0.5746666666666667,
          "12": 0.6866666666666666,
          "13": 0.6193333333333333,
          "14": 0.636,
          "15": 0.682,
          "16": 0.6546666666666666,
          "17": 0.668,
          "18": 0.6873333333333334,
          "19": 0.6593333333333333,
          "20": 0.554,
          "21": 0.5066666666666667,
          "22": 0.6306666666666667,
          "23": 0.6686666666666666,
          "24": 0.6006666666666667,
          "25": 0.5673333333333334,
          "26": 0.5546666666666666,
          "27": 0.6413333333333333,
          "28": 0.5386666666666666,
          "29": 0.6106666666666667,
          "30": 0.6146666666666667,
          "31": 0.576,
          "32": 0.5133333333333333,
          "33": 0.52,
          "34": 0.6853333333333333,
          "35": 0.662,
          "36": 0.484
        },
        "best_layer": 18,
        "err_by_dist": {
          "0": [
            0.9714285714285714,
            140
          ],
          "1": [
            0.9623824451410659,
            319
          ],
          "2": [
            0.03819444444444445,
            288
          ],
          "3": [
            0.016891891891891893,
            296
          ],
          "4": [
            0.016025641025641024,
            312
          ],
          "5": [
            0.034482758620689655,
            145
          ]
        },
        "err_by_dir": {
          "-1": [
            0.22684563758389262,
            745
          ],
          "0": [
            0.9714285714285714,
            140
          ],
          "1": [
            0.26666666666666666,
            615
          ]
        }
      }
    }
  }