{
    "model1": {
      "digits_paraphrase": {
        "acc_per_layer": {
          "1": 0.30266666666666664,
          "2": 0.6973333333333334,
          "3": 0.30266666666666664,
          "4": 0.6973333333333334,
          "5": 0.30266666666666664,
          "6": 0.30266666666666664,
          "7": 0.30266666666666664,
          "8": 0.6973333333333334,
          "9": 0.30266666666666664,
          "10": 0.6973333333333334,
          "11": 0.6973333333333334,
          "12": 0.6973333333333334,
          "13": 0.30266666666666664,
          "14": 0.30266666666666664,
          "15": 0.30266666666666664,
          "16": 0.30266666666666664,
          "17": 0.6973333333333334,
          "18": 0.6973333333333334,
          "19": 0.30266666666666664,
          "20": 0.6973333333333334,
          "21": 0.6973333333333334,
          "22": 0.30266666666666664,
          "23": 0.6973333333333334,
          "24": 0.30266666666666664,
          "25": 0.30266666666666664,
          "26": 0.30266666666666664,
          "27": 0.30266666666666664,
          "28": 0.30266666666666664,
          "29": 0.6973333333333334,
          "30": 0.6853333333333333,
          "31": 0.6973333333333334,
          "32": 0.6973333333333334,
          "33": 0.6973333333333334,
          "34": 0.30266666666666664,
          "35": 0.30266666666666664,
          "36": 0.6973333333333334,
          "37": 0.6973333333333334,
          "38": 0.6973333333333334,
          "39": 0.30266666666666664,
          "40": 0.6973333333333334,
          "41": 0.30266666666666664,
          "42": 0.6973333333333334,
          "43": 0.30266666666666664,
          "44": 0.6973333333333334,
          "45": 0.30266666666666664,
          "46": 0.30266666666666664,
          "47": 0.30266666666666664,
          "48": 0.30266666666666664
        },
        "best_layer": 2,
        "err_by_dist": {
          "0": [
            1.0,
            136
          ],
          "1": [
            1.0,
            318
          ],
          "2": [
            0.0,
            296
          ],
          "3": [
            0.0,
            308
          ],
          "4": [
            0.0,
            299
          ],
          "5": [
            0.0,
            143
          ]
        },
        "err_by_dir": {
          "-1": [
            0.22935779816513763,
            763
          ],
          "0": [
            1.0,
            136
          ],
          "1": [
            0.23793677204658903,
            601
          ]
        }
      },
      "words": {
        "acc_per_layer": {
          "1": 0.306,
          "2": 0.694,
          "3": 0.306,
          "4": 0.694,
          "5": 0.306,
          "6": 0.306,
          "7": 0.306,
          "8": 0.694,
          "9": 0.306,
          "10": 0.694,
          "11": 0.694,
          "12": 0.694,
          "13": 0.306,
          "14": 0.306,
          "15": 0.306,
          "16": 0.306,
          "17": 0.694,
          "18": 0.694,
          "19": 0.306,
          "20": 0.694,
          "21": 0.694,
          "22": 0.306,
          "23": 0.694,
          "24": 0.306,
          "25": 0.306,
          "26": 0.306,
          "27": 0.306,
          "28": 0.306,
          "29": 0.694,
          "30": 0.694,
          "31": 0.694,
          "32": 0.694,
          "33": 0.694,
          "34": 0.306,
          "35": 0.306,
          "36": 0.694,
          "37": 0.694,
          "38": 0.694,
          "39": 0.306,
          "40": 0.694,
          "41": 0.306,
          "42": 0.694,
          "43": 0.306,
          "44": 0.694,
          "45": 0.306,
          "46": 0.306,
          "47": 0.306,
          "48": 0.306
        },
        "best_layer": 2,
        "err_by_dist": {
          "0": [
            1.0,
            140
          ],
          "1": [
            1.0,
            319
          ],
          "2": [
            0.0,
            288
          ],
          "3": [
            0.0,
            296
          ],
          "4": [
            0.0,
            312
          ],
          "5": [
            0.0,
            145
          ]
        },
        "err_by_dir": {
          "-1": [
            0.20671140939597316,
            745
          ],
          "0": [
            1.0,
            140
          ],
          "1": [
            0.2682926829268293,
            615
          ]
        }
      }
    }
  }