{
    "model1": {
      "digits_paraphrase": {
        "acc_per_layer": {
          "1": 0.808,
          "2": 0.92,
          "3": 0.948,
          "4": 0.898,
          "5": 0.982,
          "6": 0.834,
          "7": 0.974,
          "8": 0.956,
          "9": 0.692,
          "10": 0.702,
          "11": 0.616,
          "12": 0.64,
          "13": 0.67,
          "14": 0.58,
          "15": 0.822,
          "16": 0.886,
          "17": 0.836,
          "18": 0.744,
          "19": 0.872,
          "20": 0.368,
          "21": 0.924,
          "22": 0.686,
          "23": 0.962,
          "24": 0.988,
          "25": 0.742,
          "26": 0.888,
          "27": 0.854,
          "28": 0.97
        },
        "best_layer": 24,
        "err_by_dist": {
          "0": [
            0.02,
            50
          ],
          "1": [
            0.045454545454545456,
            110
          ],
          "2": [
            0.0,
            95
          ],
          "3": [
            0.0,
            102
          ],
          "4": [
            0.0,
            98
          ],
          "5": [
            0.0,
            45
          ]
        },
        "err_by_dir": {
          "-1": [
            0.0,
            250
          ],
          "0": [
            0.02,
            50
          ],
          "1": [
            0.025,
            200
          ]
        }
      },
      "words": {
        "acc_per_layer": {
          "1": 0.304,
          "2": 0.696,
          "3": 0.696,
          "4": 0.696,
          "5": 0.538,
          "6": 0.346,
          "7": 0.354,
          "8": 0.354,
          "9": 0.346,
          "10": 0.556,
          "11": 0.56,
          "12": 0.698,
          "13": 0.588,
          "14": 0.624,
          "15": 0.644,
          "16": 0.622,
          "17": 0.638,
          "18": 0.554,
          "19": 0.518,
          "20": 0.31,
          "21": 0.304,
          "22": 0.314,
          "23": 0.326,
          "24": 0.582,
          "25": 0.306,
          "26": 0.348,
          "27": 0.38,
          "28": 0.55
        },
        "best_layer": 12,
        "err_by_dist": {
          "0": [
            0.9818181818181818,
            55
          ],
          "1": [
            1.0,
            97
          ],
          "2": [
            0.0,
            94
          ],
          "3": [
            0.0,
            97
          ],
          "4": [
            0.0,
            114
          ],
          "5": [
            0.0,
            43
          ]
        },
        "err_by_dir": {
          "-1": [
            0.17670682730923695,
            249
          ],
          "0": [
            0.9818181818181818,
            55
          ],
          "1": [
            0.27040816326530615,
            196
          ]
        }
      }
    }
  }