{
  "model1": {
    "digits_paraphrase": {
      "acc_per_layer": {
        "1": 0.8093333333333333,
        "2": 0.4146666666666667,
        "3": 0.586,
        "4": 0.71,
        "5": 0.6453333333333333,
        "6": 0.9166666666666666,
        "7": 0.7966666666666666,
        "8": 0.8953333333333333,
        "9": 0.8373333333333334,
        "10": 0.8646666666666667,
        "11": 0.714,
        "12": 0.71,
        "13": 0.646,
        "14": 0.668,
        "15": 0.628,
        "16": 0.5753333333333334,
        "17": 0.572,
        "18": 0.634,
        "19": 0.6393333333333333,
        "20": 0.7726666666666666,
        "21": 0.8866666666666667,
        "22": 0.8386666666666667,
        "23": 0.7826666666666666,
        "24": 0.8413333333333334,
        "25": 0.8253333333333334,
        "26": 0.78,
        "27": 0.758,
        "28": 0.7126666666666667,
        "29": 0.6886666666666666,
        "30": 0.5573333333333333,
        "31": 0.536,
        "32": 0.642,
        "33": 0.72,
        "34": 0.6713333333333333,
        "35": 0.5026666666666667,
        "36": 0.5993333333333334
      },
      "best_layer": 6,
      "err_by_dist": {
        "0": [
          0.07168458781362007,
          279
        ],
        "1": [
          0.1458670988654781,
          617
        ],
        "2": [
          0.024834437086092714,
          604
        ]
      },
      "err_by_dir": {
        "-1": [
          0.0794912559618442,
          629
        ],
        "0": [
          0.07168458781362007,
          279
        ],
        "1": [
          0.0929054054054054,
          592
        ]
      }
    },
    "words": {
      "acc_per_layer": {
        "1": 0.5893333333333334,
        "2": 0.4633333333333333,
        "3": 0.49533333333333335,
        "4": 0.6073333333333333,
        "5": 0.5246666666666666,
        "6": 0.5573333333333333,
        "7": 0.5233333333333333,
        "8": 0.4146666666666667,
        "9": 0.43666666666666665,
        "10": 0.3873333333333333,
        "11": 0.4053333333333333,
        "12": 0.402,
        "13": 0.39,
        "14": 0.39,
        "15": 0.564,
        "16": 0.512,
        "17": 0.47333333333333333,
        "18": 0.5786666666666667,
        "19": 0.5753333333333334,
        "20": 0.426,
        "21": 0.404,
        "22": 0.432,
        "23": 0.398,
        "24": 0.49866666666666665,
        "25": 0.43333333333333335,
        "26": 0.4066666666666667,
        "27": 0.44866666666666666,
        "28": 0.42533333333333334,
        "29": 0.452,
        "30": 0.466,
        "31": 0.5093333333333333,
        "32": 0.5,
        "33": 0.5026666666666667,
        "34": 0.446,
        "35": 0.46266666666666667,
        "36": 0.604
      },
      "best_layer": 4,
      "err_by_dist": {
        "0": [
          0.0035087719298245615,
          285
        ],
        "1": [
          0.006339144215530904,
          631
        ],
        "2": [
          1.0,
          584
        ]
      },
      "err_by_dir": {
        "-1": [
          0.48032786885245904,
          610
        ],
        "0": [
          0.0035087719298245615,
          285
        ],
        "1": [
          0.48760330578512395,
          605
        ]
      }
    }
  }
}