{
  "model1": {
    "digits_paraphrase": {
      "acc_per_layer": {
        "1": 0.74,
        "2": 0.9386666666666666,
        "3": 0.8513333333333334,
        "4": 0.7453333333333333,
        "5": 0.8293333333333334,
        "6": 0.8726666666666667,
        "7": 0.9326666666666666,
        "8": 0.9153333333333333,
        "9": 0.85,
        "10": 0.762,
        "11": 0.798,
        "12": 0.7993333333333333,
        "13": 0.5893333333333334,
        "14": 0.6386666666666667,
        "15": 0.6566666666666666,
        "16": 0.654,
        "17": 0.5026666666666667,
        "18": 0.5453333333333333,
        "19": 0.7353333333333333,
        "20": 0.6953333333333334,
        "21": 0.6673333333333333,
        "22": 0.8653333333333333,
        "23": 0.9086666666666666,
        "24": 0.6,
        "25": 0.7213333333333334,
        "26": 0.7246666666666667,
        "27": 0.8193333333333334,
        "28": 0.7713333333333333,
        "29": 0.7293333333333333,
        "30": 0.7433333333333333,
        "31": 0.45,
        "32": 0.602,
        "33": 0.7193333333333334,
        "34": 0.762,
        "35": 0.724,
        "36": 0.6006666666666667
      },
      "best_layer": 2,
      "err_by_dist": {
        "0": [
          0.0035842293906810036,
          279
        ],
        "1": [
          0.055105348460291734,
          617
        ],
        "2": [
          0.09437086092715231,
          604
        ]
      },
      "err_by_dir": {
        "-1": [
          0.06359300476947535,
          629
        ],
        "0": [
          0.0035842293906810036,
          279
        ],
        "1": [
          0.08614864864864864,
          592
        ]
      }
    },
    "words": {
      "acc_per_layer": {
        "1": 0.602,
        "2": 0.594,
        "3": 0.6006666666666667,
        "4": 0.5946666666666667,
        "5": 0.47733333333333333,
        "6": 0.506,
        "7": 0.486,
        "8": 0.54,
        "9": 0.426,
        "10": 0.5333333333333333,
        "11": 0.43933333333333335,
        "12": 0.46266666666666667,
        "13": 0.4146666666666667,
        "14": 0.4106666666666667,
        "15": 0.5993333333333334,
        "16": 0.6026666666666667,
        "17": 0.484,
        "18": 0.5453333333333333,
        "19": 0.508,
        "20": 0.54,
        "21": 0.39466666666666667,
        "22": 0.41733333333333333,
        "23": 0.442,
        "24": 0.5126666666666667,
        "25": 0.466,
        "26": 0.4,
        "27": 0.42933333333333334,
        "28": 0.4266666666666667,
        "29": 0.4266666666666667,
        "30": 0.478,
        "31": 0.4886666666666667,
        "32": 0.44533333333333336,
        "33": 0.452,
        "34": 0.41133333333333333,
        "35": 0.5826666666666667,
        "36": 0.5793333333333334
      },
      "best_layer": 16,
      "err_by_dist": {
        "0": [
          0.07017543859649122,
          285
        ],
        "1": [
          0.039619651347068144,
          631
        ],
        "2": [
          0.9434931506849316,
          584
        ]
      },
      "err_by_dir": {
        "-1": [
          0.4672131147540984,
          610
        ],
        "0": [
          0.07017543859649122,
          285
        ],
        "1": [
          0.4809917355371901,
          605
        ]
      }
    }
  }
}