{
  "model1": {
    "digits_paraphrase": {
      "acc_per_layer": {
        "1": 0.858,
        "2": 0.822,
        "3": 0.906,
        "4": 0.922,
        "5": 0.826,
        "6": 0.938,
        "7": 0.932,
        "8": 0.9,
        "9": 0.868,
        "10": 0.83,
        "11": 0.674,
        "12": 0.718,
        "13": 0.744,
        "14": 0.818,
        "15": 0.8,
        "16": 0.504,
        "17": 0.72,
        "18": 0.688,
        "19": 0.614,
        "20": 0.652,
        "21": 0.5,
        "22": 0.728,
        "23": 0.884,
        "24": 0.908,
        "25": 0.944,
        "26": 0.97,
        "27": 0.75,
        "28": 0.73
      },
      "best_layer": 26,
      "err_by_dist": {
        "0": [
          0.042105263157894736,
          95
        ],
        "1": [
          0.04807692307692308,
          208
        ],
        "2": [
          0.005076142131979695,
          197
        ]
      },
      "err_by_dir": {
        "-1": [
          0.02030456852791878,
          197
        ],
        "0": [
          0.042105263157894736,
          95
        ],
        "1": [
          0.03365384615384615,
          208
        ]
      }
    },
    "words": {
      "acc_per_layer": {
        "1": 0.62,
        "2": 0.618,
        "3": 0.382,
        "4": 0.382,
        "5": 0.382,
        "6": 0.552,
        "7": 0.444,
        "8": 0.612,
        "9": 0.412,
        "10": 0.382,
        "11": 0.53,
        "12": 0.402,
        "13": 0.572,
        "14": 0.38,
        "15": 0.388,
        "16": 0.382,
        "17": 0.386,
        "18": 0.494,
        "19": 0.42,
        "20": 0.446,
        "21": 0.424,
        "22": 0.494,
        "23": 0.516,
        "24": 0.532,
        "25": 0.564,
        "26": 0.538,
        "27": 0.456,
        "28": 0.452
      },
      "best_layer": 1,
      "err_by_dist": {
        "0": [
          0.0,
          98
        ],
        "1": [
          0.0,
          211
        ],
        "2": [
          0.9947643979057592,
          191
        ]
      },
      "err_by_dir": {
        "-1": [
          0.4873096446700508,
          197
        ],
        "0": [
          0.0,
          98
        ],
        "1": [
          0.4585365853658537,
          205
        ]
      }
    }
  }
}