{
    "model1": {
      "digits_paraphrase": {
        "acc_per_layer": {
          "1": 0.5973333333333334,
          "2": 0.5973333333333334,
          "3": 0.5973333333333334,
          "4": 0.5973333333333334,
          "5": 0.5973333333333334,
          "6": 0.4026666666666667,
          "7": 0.5973333333333334,
          "8": 0.5973333333333334,
          "9": 0.5973333333333334,
          "10": 0.5973333333333334,
          "11": 0.5973333333333334,
          "12": 0.5973333333333334,
          "13": 0.4026666666666667,
          "14": 0.5973333333333334,
          "15": 0.5973333333333334,
          "16": 0.5973333333333334,
          "17": 0.4026666666666667,
          "18": 0.4026666666666667,
          "19": 0.5973333333333334,
          "20": 0.5973333333333334,
          "21": 0.5973333333333334,
          "22": 0.5973333333333334,
          "23": 0.4026666666666667,
          "24": 0.4026666666666667,
          "25": 0.5973333333333334,
          "26": 0.5973333333333334,
          "27": 0.4026666666666667,
          "28": 0.5973333333333334,
          "29": 0.5973333333333334,
          "30": 0.5973333333333334,
          "31": 0.5973333333333334,
          "32": 0.5973333333333334,
          "33": 0.5973333333333334,
          "34": 0.4026666666666667,
          "35": 0.5973333333333334,
          "36": 0.5973333333333334,
          "37": 0.5973333333333334,
          "38": 0.5973333333333334,
          "39": 0.5973333333333334,
          "40": 0.5973333333333334,
          "41": 0.5973333333333334,
          "42": 0.4026666666666667,
          "43": 0.5973333333333334,
          "44": 0.5973333333333334,
          "45": 0.5973333333333334,
          "46": 0.4026666666666667,
          "47": 0.5973333333333334,
          "48": 0.5973333333333334,
          "49": 0.5973333333333334,
          "50": 0.5973333333333334,
          "51": 0.4026666666666667,
          "52": 0.4026666666666667,
          "53": 0.5973333333333334,
          "54": 0.5973333333333334,
          "55": 0.5973333333333334,
          "56": 0.5973333333333334,
          "57": 0.5973333333333334,
          "58": 0.5973333333333334,
          "59": 0.5973333333333334,
          "60": 0.5973333333333334,
          "61": 0.5973333333333334,
          "62": 0.4026666666666667,
          "63": 0.5973333333333334,
          "64": 0.5973333333333334
        },
        "best_layer": 1,
        "err_by_dist": {
          "0": [
            0.0,
            279
          ],
          "1": [
            0.0,
            617
          ],
          "2": [
            1.0,
            604
          ]
        },
        "err_by_dir": {
          "-1": [
            0.492845786963434,
            629
          ],
          "0": [
            0.0,
            279
          ],
          "1": [
            0.4966216216216216,
            592
          ]
        }
      },
      "words": {
        "acc_per_layer": {
          "1": 0.6106666666666667,
          "2": 0.6106666666666667,
          "3": 0.6106666666666667,
          "4": 0.6106666666666667,
          "5": 0.6106666666666667,
          "6": 0.3893333333333333,
          "7": 0.6106666666666667,
          "8": 0.6106666666666667,
          "9": 0.6106666666666667,
          "10": 0.6106666666666667,
          "11": 0.6106666666666667,
          "12": 0.6106666666666667,
          "13": 0.3893333333333333,
          "14": 0.6106666666666667,
          "15": 0.6106666666666667,
          "16": 0.6106666666666667,
          "17": 0.3893333333333333,
          "18": 0.3893333333333333,
          "19": 0.6106666666666667,
          "20": 0.6106666666666667,
          "21": 0.6106666666666667,
          "22": 0.6106666666666667,
          "23": 0.3893333333333333,
          "24": 0.3893333333333333,
          "25": 0.6106666666666667,
          "26": 0.6106666666666667,
          "27": 0.3893333333333333,
          "28": 0.6106666666666667,
          "29": 0.6106666666666667,
          "30": 0.6106666666666667,
          "31": 0.6106666666666667,
          "32": 0.6106666666666667,
          "33": 0.6106666666666667,
          "34": 0.3893333333333333,
          "35": 0.6106666666666667,
          "36": 0.6106666666666667,
          "37": 0.6106666666666667,
          "38": 0.6106666666666667,
          "39": 0.6106666666666667,
          "40": 0.6106666666666667,
          "41": 0.6106666666666667,
          "42": 0.3893333333333333,
          "43": 0.6106666666666667,
          "44": 0.6106666666666667,
          "45": 0.6106666666666667,
          "46": 0.3893333333333333,
          "47": 0.6106666666666667,
          "48": 0.6106666666666667,
          "49": 0.6106666666666667,
          "50": 0.6106666666666667,
          "51": 0.3893333333333333,
          "52": 0.3893333333333333,
          "53": 0.6106666666666667,
          "54": 0.6106666666666667,
          "55": 0.6106666666666667,
          "56": 0.6106666666666667,
          "57": 0.6106666666666667,
          "58": 0.6106666666666667,
          "59": 0.6106666666666667,
          "60": 0.6106666666666667,
          "61": 0.6106666666666667,
          "62": 0.3893333333333333,
          "63": 0.6106666666666667,
          "64": 0.6106666666666667
        },
        "best_layer": 1,
        "err_by_dist": {
          "0": [
            0.0,
            285
          ],
          "1": [
            0.0,
            631
          ],
          "2": [
            1.0,
            584
          ]
        },
        "err_by_dir": {
          "-1": [
            0.4737704918032787,
            610
          ],
          "0": [
            0.0,
            285
          ],
          "1": [
            0.48760330578512395,
            605
          ]
        }
      }
    }
  }